Id,IsDeleted,MasterRecordId,AccountId,LastName,FirstName,Salutation,Name,OtherStreet,OtherCity,OtherState,OtherPostalCode,OtherCountry,OtherLatitude,OtherLongitude,OtherGeocodeAccuracy,OtherAddress,MailingStreet,MailingCity,MailingState,MailingPostalCode,MailingCountry,MailingLatitude,MailingLongitude,MailingGeocodeAccuracy,MailingAddress,Phone,Fax,MobilePhone,HomePhone,OtherPhone,AssistantPhone,ReportsToId,Email,Title,Department,AssistantName,LeadSource,Birthdate,Description,OwnerId,HasOptedOutOfEmail,HasOptedOutOfFax,DoNotCall,CanAllowPortalSelfReg,CreatedDate,CreatedById,LastModifiedDate,LastModifiedById,SystemModstamp,LastActivityDate,LastCURequestDate,LastCUUpdateDate,LastViewedDate,LastReferencedDate,EmailBouncedReason,EmailBouncedDate,IsEmailBounced,PhotoUrl,Jigsaw,JigsawContactId,IndividualId
0037e00001WXgynAAD,,,0017e00001W2NvtAAF,Eddicott,Deane,,Deane Eddicott,,,,,,,,,,,,,,,,,,,(598) 360-6891,,,,,,,deddicott5@tech-labs.io,Recruiting Manager,,,,,,0057e00000Rn0g9AAB,,,,,2022-03-17T22:18:24.000+0000,0057e00000RmyeOAAR,2022-03-18T03:21:13.000+0000,0057e00000RmyeOAAR,2022-03-18T03:21:13.000+0000,,,,2022-03-18T03:21:13.000+0000,2022-03-18T03:21:13.000+0000,,,,/services/images/photo/0037e00001WXgynAAD,,,
0037e00001WXgyoAAD,,,0017e00001W2Nw8AAF,Overy,Atalanta,,Atalanta Overy,,,,,,,,,,,,,,,,,,,(302) 458-7930,,,,,,,aovery6@advanced-comms.io,Sales Associate,,,,,,0057e00000Rn0g9AAB,,,,,2022-03-17T22:18:24.000+0000,0057e00000RmyeOAAR,2022-03-18T03:21:13.000+0000,0057e00000RmyeOAAR,2022-03-18T03:21:13.000+0000,,,,2022-03-18T03:21:13.000+0000,2022-03-18T03:21:13.000+0000,,,,/services/images/photo/0037e00001WXgyoAAD,,,
0037e00001WXgypAAD,,,0017e00001W2Nw4AAF,Kikke,Karlee,,Karlee Kikke,,,,,,,,,,,,,,,,,,,(757) 404-9630,,,,,,,kkikke7@ebikes.io,Analog Circuit Design manager,,,,,,0057e00000Rn0g9AAB,,,,,2022-03-17T22:18:24.000+0000,0057e00000RmyeOAAR,2022-03-17T22:19:03.000+0000,0057e00000RmyeOAAR,2022-03-17T22:19:03.000+0000,,,,2022-03-17T22:18:24.000+0000,2022-03-17T22:18:24.000+0000,,,,/services/images/photo/0037e00001WXgypAAD,,,
0037e00001WXgyqAAD,,,0017e00001W2NvwAAF,Eidelman,Kathrine,,Kathrine Eidelman,,,,,,,,,,,,,,,,,,,(126) 389-9486,,,,,,,keidelman8@acmecorp.io,Office Assistant I,,,,,,0057e00000Rn0g9AAB,,,,,2022-03-17T22:18:24.000+0000,0057e00000RmyeOAAR,2022-03-17T22:19:03.000+0000,0057e00000RmyeOAAR,2022-03-17T22:19:03.000+0000,,,,2022-03-17T22:18:24.000+0000,2022-03-17T22:18:24.000+0000,,,,/services/images/photo/0037e00001WXgyqAAD,,,
0037e00001WXgyrAAD,,,0017e00001W2NvqAAF,Hannabus,Kenny,,Kenny Hannabus,,,,,,,,,,,,,,,,,,,(574) 391-9592,,,,,,,khannabus9@dreamhouse-realty.io,Research Assistant I,,,,,,0057e00000Rn0g9AAB,,,,,2022-03-17T22:18:24.000+0000,0057e00000RmyeOAAR,2022-03-17T22:19:03.000+0000,0057e00000RmyeOAAR,2022-03-17T22:19:03.000+0000,,,,2022-03-17T22:18:24.000+0000,2022-03-17T22:18:24.000+0000,,,,/services/images/photo/0037e00001WXgyrAAD,,,
0037e00001WXgysAAD,,,0017e00001W2NvrAAF,Blackston,Iver,,Iver Blackston,,,,,,,,,,,,,,,,,,,(871) 845-4977,,,,,,,iblackstona@quadstar-inc.io,Speech Pathologist,,,,,,0057e00000Rn0g9AAB,,,,,2022-03-17T22:18:24.000+0000,0057e00000RmyeOAAR,2022-03-17T22:19:03.000+0000,0057e00000RmyeOAAR,2022-03-17T22:19:03.000+0000,,,,2022-03-17T22:18:24.000+0000,2022-03-17T22:18:24.000+0000,,,,/services/images/photo/0037e00001WXgysAAD,,,
0037e00001WXgytAAD,,,0017e00001W2Nw0AAF,Ardley,Engracia,,Engracia Ardley,,,,,,,,,,,,,,,,,,,(564) 505-4493,,,,,,,eardleyb@cumulusmortgage.io,Geologist IV,,,,,,0057e00000Rn0g9AAB,,,,,2022-03-17T22:18:24.000+0000,0057e00000RmyeOAAR,2022-03-17T22:19:03.000+0000,0057e00000RmyeOAAR,2022-03-17T22:19:03.000+0000,,,,2022-03-17T22:18:24.000+0000,2022-03-17T22:18:24.000+0000,,,,/services/images/photo/0037e00001WXgytAAD,,,
0037e00001WXgyuAAD,,,0017e00001W2Nw1AAF,Folkerd,Carroll,,Carroll Folkerd,,,,,,,,,,,,,,,,,,,(744) 464-3666,,,,,,,cfolkerdc@datanet.io,Nurse,,,,,,0057e00000Rn0g9AAB,,,,,2022-03-17T22:18:24.000+0000,0057e00000RmyeOAAR,2022-03-18T03:21:13.000+0000,0057e00000RmyeOAAR,2022-03-18T03:21:13.000+0000,,,,2022-03-18T03:21:13.000+0000,2022-03-18T03:21:13.000+0000,,,,/services/images/photo/0037e00001WXgyuAAD,,,
0037e00001WXgyvAAD,,,0017e00001W2NvuAAF,Enever,Yelena,,Yelena Enever,,,,,,,,,,,,,,,,,,,(198) 134-0308,,,,,,,yeneverd@northerntrailoutfitters.io,Technical Writer,,,,,,0057e00000Rn0g9AAB,,,,,2022-03-17T22:18:24.000+0000,0057e00000RmyeOAAR,2022-03-17T22:19:03.000+0000,0057e00000RmyeOAAR,2022-03-17T22:19:03.000+0000,,,,2022-03-17T22:18:24.000+0000,2022-03-17T22:18:24.000+0000,,,,/services/images/photo/0037e00001WXgyvAAD,,,
0037e00001WXgywAAD,,,0017e00001W2NvzAAF,Jansey,Reagen,,Reagen Jansey,,,,,,,,,,,,,,,,,,,(880) 968-8646,,,,,,,rjanseye@makanahealth.io,Sales Associate,,,,,,0057e00000Rn0g9AAB,,,,,2022-03-17T22:18:24.000+0000,0057e00000RmyeOAAR,2022-03-17T22:19:03.000+0000,0057e00000RmyeOAAR,2022-03-17T22:19:03.000+0000,,,,2022-03-17T22:18:24.000+0000,2022-03-17T22:18:24.000+0000,,,,/services/images/photo/0037e00001WXgywAAD,,,
0037e00001WXgyxAAD,,,0017e00001W2NvpAAF,Ottey,Edmon,,Edmon Ottey,,,,,,,,,,,,,,,,,,,(615) 470-5218,,,,,,,eotteyf@electron-motors.io,Sales Representative,,,,,,0057e00000Rn0g9AAB,,,,,2022-03-17T22:18:24.000+0000,0057e00000RmyeOAAR,2022-03-17T22:19:03.000+0000,0057e00000RmyeOAAR,2022-03-17T22:19:03.000+0000,,,,2022-03-17T22:18:24.000+0000,2022-03-17T22:18:24.000+0000,,,,/services/images/photo/0037e00001WXgyxAAD,,,
0037e00001WXgyyAAD,,,0017e00001W2Nw2AAF,Fishpoole,Ethelind,,Ethelind Fishpoole,,,,,,,,,,,,,,,,,,,(192) 977-6832,,,,,,,efishpooleg@cumulusbank.io,Senior Quality Engineer,,,,,,0057e00000Rn0g9AAB,,,,,2022-03-17T22:18:24.000+0000,0057e00000RmyeOAAR,2022-03-17T22:19:03.000+0000,0057e00000RmyeOAAR,2022-03-17T22:19:03.000+0000,,,,2022-03-17T22:18:24.000+0000,2022-03-17T22:18:24.000+0000,,,,/services/images/photo/0037e00001WXgyyAAD,,,
0037e00001WXgyzAAD,,,0017e00001W2Nw7AAF,Waycott,Nina,,Nina Waycott,,,,,,,,,,,,,,,,,,,(872) 397-5382,,,,,,,nwaycotth@cumulusinsurance.io,Database Administrator IV,,,,,,0057e00000Rn0g9AAB,,,,,2022-03-17T22:18:24.000+0000,0057e00000RmyeOAAR,2022-03-17T22:19:03.000+0000,0057e00000RmyeOAAR,2022-03-17T22:19:03.000+0000,,,,2022-03-17T22:18:24.000+0000,2022-03-17T22:18:24.000+0000,,,,/services/images/photo/0037e00001WXgyzAAD,,,
0037e00001WXgz0AAD,,,0017e00001W2Nw5AAF,Pays,Paulita,,Paulita Pays,,,,,,,,,,,,,,,,,,,(986) 339-1092,,,,,,,ppaysi@easy-spaces.io,Nurse,,,,,,0057e00000Rn0g9AAB,,,,,2022-03-17T22:18:24.000+0000,0057e00000RmyeOAAR,2022-03-17T22:19:03.000+0000,0057e00000RmyeOAAR,2022-03-17T22:19:03.000+0000,,,,2022-03-17T22:18:24.000+0000,2022-03-17T22:18:24.000+0000,,,,/services/images/photo/0037e00001WXgz0AAD,,,
0037e00001WXgz1AAD,,,0017e00001W2NvyAAF,Santorini,Carmelia,,Carmelia Santorini,,,,,,,,,,,,,,,,,,,(117) 707-5972,,,,,,,csantorinij@harmon-consulting.io,Accountant I,,,,,,0057e00000Rn0g9AAB,,,,,2022-03-17T22:18:24.000+0000,0057e00000RmyeOAAR,2022-03-18T03:21:13.000+0000,0057e00000RmyeOAAR,2022-03-18T03:21:13.000+0000,,,,2022-03-18T03:21:13.000+0000,2022-03-18T03:21:13.000+0000,,,,/services/images/photo/0037e00001WXgz1AAD,,,
0037e00001WXgz2AAD,,,0017e00001W2NvvAAF,Davydychev,Waverley,,Waverley Davydychev,,,,,,,,,,,,,,,,,,,(618) 433-4824,,,,,,,wdavydychev1@omega-financial.io,Internal Auditor,,,,,,0057e00000Rn0g9AAB,,,,,2022-03-17T22:18:24.000+0000,0057e00000RmyeOAAR,2022-03-18T03:21:13.000+0000,0057e00000RmyeOAAR,2022-03-18T03:21:13.000+0000,,,,2022-03-18T03:21:13.000+0000,2022-03-18T03:21:13.000+0000,,,,/services/images/photo/0037e00001WXgz2AAD,,,
0037e00001WXgz3AAD,,,0017e00001W2Nw3AAF,Girtin,Caresa,,Caresa Girtin,,,,,,,,,,,,,,,,,,,(597) 249-2550,,,,,,,cgirtin2@allied-technologies.io,Human Resources Assistant III,,,,,,0057e00000Rn0g9AAB,,,,,2022-03-17T22:18:24.000+0000,0057e00000RmyeOAAR,2022-03-18T03:21:13.000+0000,0057e00000RmyeOAAR,2022-03-18T03:21:13.000+0000,,,,2022-03-18T03:21:13.000+0000,2022-03-18T03:21:13.000+0000,,,,/services/images/photo/0037e00001WXgz3AAD,,,
0037e00001WXgz4AAD,,,0017e00001W2Nw6AAF,Guiet,Shana,,Shana Guiet,,,,,,,,,,,,,,,,,,,(635) 688-7739,,,,,,,sguiet3@stellar-media.io,Product Engineer,,,,,,0057e00000Rn0g9AAB,,,,,2022-03-17T22:18:24.000+0000,0057e00000RmyeOAAR,2022-03-17T22:19:03.000+0000,0057e00000RmyeOAAR,2022-03-17T22:19:03.000+0000,,,,2022-03-17T22:18:24.000+0000,2022-03-17T22:18:24.000+0000,,,,/services/images/photo/0037e00001WXgz4AAD,,,
0037e00001WXgz5AAD,,,0017e00001W2NvxAAF,Udale,Edvard,,Edvard Udale,,,,,,,,,,,,,,,,,,,(811) 645-5199,,,,,,,eudale4@pulsarmotors.io,Research Nurse,,,,,,0057e00000Rn0g9AAB,,,,,2022-03-17T22:18:24.000+0000,0057e00000RmyeOAAR,2022-03-17T22:19:03.000+0000,0057e00000RmyeOAAR,2022-03-17T22:19:03.000+0000,,,,2022-03-17T22:18:24.000+0000,2022-03-17T22:18:24.000+0000,,,,/services/images/photo/0037e00001WXgz5AAD,,,
0037e00001WXgz6AAD,,,0017e00001W2NvsAAF,Alliberton,Gabbie,,Gabbie Alliberton,,,,,,,,,,,,,,,,,,,(555) 548-3456,,,,,,,gabbie48493@tyconet.io,Founder,,,,,,0057e00000Rn0g9AAB,,,,,2022-03-17T22:18:24.000+0000,0057e00000RmyeOAAR,2022-03-18T03:21:13.000+0000,0057e00000RmyeOAAR,2022-03-18T03:21:13.000+0000,,,,2022-03-18T03:21:13.000+0000,2022-03-18T03:21:13.000+0000,,,,/services/images/photo/0037e00001WXgz6AAD,,,
